field,location,year,loc_year,planted,panel,genotype,continent,elevation,STD,EMD,GER,ELN,EPH,PH,P_INT,P_EXT,P_PAT,M_DEN,M_PAT,DTS,DTA,TBN,TL,PE,EH,EN,CE_20_3,DG_34_2,DG_36_4,LPC_16_0,LPC_18_0,LPC_18_1,LPC_18_2,LPC_18_3,PC_32_0,PC_32_1,PC_32_2,PC_33_2,PC_34_1,PC_34_2,PC_34_3,PC_34_4,PC_35_1,PC_35_2,PC_35_3,PC_36_2,PC_37_3,PC_38_2,PC36_1,PE_34_2,SM_D32_1,SM_D36_1,TG_46_0,TG_46_3,TG_48_0,TG_48_1,TG_48_2,TG_48_3,TG_50_0,TG_50_1,TG_50_2,TG_50_3,TG_50_4,TG_50_5,TG_52_0,TG_52_1,TG_52_2,TG_52_3,TG_52_4,TG_52_5,TG_52_6,TG_54_1,TG_54_2,TG_54_3,TG_54_4,TG_54_5,TG_54_6,TG_54_8,TG_56_4
Highland,MT,2016,MT2016,4/5/16,RUNCIE,CIMMYTMA-012440,SA,High,6,64,8,5,55,235,1,100,1.5,1,0.5,138,135,20,43.5,6,125,2,NA,53868,20058,115534,21843,179065,4315630,880868,42103,1610,2282,150928,64843,1048122,306668,5582,NA,45796,109701,41147,NA,3375,3266,68667,9863,NA,NA,23239,10275,NA,NA,18152,NA,25135,305556,168775,25986,43041,NA,NA,65464,147760,1206121,1492211,605121,NA,NA,27420,102641,243230,NA,NA,14075
Highland,MT,2016,MT2016,4/5/16,RUNCIE,CIMMYTMA-018635,SA,High,8.5,64,9.5,4.5,105,203.75,2.25,87.5,2.75,1.5,1.75,113.5,111.5,15.5,43.5,8,98.5,1.5,NA,16326,4915,130172,13229,212346,3232614,1641001,16164,5278,8365,39710,206814,2277144,1092873,15012,NA,22916,32808,101928,NA,5250,9909,47804,2702,NA,NA,1257,5147,NA,NA,1590,NA,10440,70086,66130,4902,6404,NA,NA,17964,33832,233242,407796,254436,NA,NA,8720,23156,61048,NA,NA,4534
Highland,MT,2016,MT2016,4/5/16,RUNCIE,CIMMYTMA-021797,SA,High,7,64,8,5,77,230,2,100,3,2,1,128,127,16.5,30,7,152.5,2,NA,46049,14842,189689,20920,218098,2980886,1598618,21829,1398,2181,53411,120372,1531327,974857,17237,NA,28909,99133,46076,NA,1957,2702,92621,3215,NA,NA,2105,3225,NA,NA,3228,NA,16457,142927,156184,12430,11257,NA,NA,30667,71856,670826,1414756,1158725,NA,NA,16069,45514,148339,NA,NA,5775
Highland,MT,2016,MT2016,4/5/16,RUNCIE,CIMMYTMA-015086,SA,Low,5,64,8,3,36,160,2,50,2,2,1,139,135,29,36,5,125,2,NA,21110,12190,68579,22695,454619,4087476,1268048,19736,2768,3285,119762,182652,1814531,902959,12201,NA,27646,39049,53117,NA,3011,11369,32093,4349,NA,NA,13999,10535,NA,NA,12475,NA,24596,156530,117506,9813,20079,NA,NA,41799,78998,392205,518840,307099,NA,NA,21144,45326,97321,NA,NA,9527
Highland,MT,2016,MT2016,4/5/16,RUNCIE,CIMMYTMA-026714,SA,Low,6,64,8,5,44,200,1.5,62.5,2,2.5,1,152.5,136,23,37,6,113.5,1,NA,19864,4808,112961,21186,181248,3736378,1257656,40278,2737,10154,41312,64440,1640403,997072,10246,NA,31756,29990,95882,NA,2466,6754,54255,3088,NA,NA,4740,3899,NA,NA,5052,NA,8407,151440,150267,14953,21309,NA,NA,47398,76378,532692,914486,591995,NA,NA,8352,73512,182926,NA,NA,14284
Highland,MT,2016,MT2016,4/5/16,RUNCIE,CIMMYTMA-025041,Mex,Low,9.5,64,9.5,4,54.5,248.75,1.5,50,2,2.5,1,157,154.5,20.5,41,9,191,1,1193,68727,31434,65832,8684,181438,4448455,1017268,37524,8010,16710,16494,106282,2551768,1246264,15124,NA,40575,36456,81318,NA,5880,5437,166868,2818,NA,4783,7281,2010,NA,NA,6648,NA,9702,91606,40287,8786,14248,NA,NA,16762,46920,393262,584508,310203,NA,2142,7908,35398,82688,387758,406530,5160
Highland,MT,2016,MT2016,4/5/16,RUNCIE,CIMMYTMA-007294,Mex,Low,9.5,64,10,6,64,172.5,1,62.5,2,1.5,0.5,113.5,111.5,11.5,38,9.5,72.5,1.5,802,64016,32079,49937,4993,96149,3908428,1176784,32366,6710,16238,19045,88776,3581378,1593112,14400,NA,32194,28318,50276,NA,6842,5247,234050,3676,NA,4464,1767,2506,NA,NA,1479,NA,9914,110006,45273,1752,9329,NA,NA,15744,39236,347332,541394,336692,NA,2620,7170,28440,71142,354382,396116,1507
Highland,MT,2016,MT2016,4/5/16,RUNCIE,CIMMYTMA-012290,SA,High,7,64,7,4.5,75.5,267.5,2,87.5,2.5,2,1,138.5,136.5,16.75,39.5,7,163.75,2,NA,29464,11433,68656,12525,80094,2420090,1285284,56008,13061,8678,46766,220657,2880932,1902450,15392,NA,41284,57956,183392,12594,14462,24931,213076,6890,84909,NA,1719,24955,6604,4777,2054,33893,23158,52171,37815,8904,6572,26362,11245,31472,43722,354800,859007,364046,NA,6920,18368,36003,94121,NA,NA,6291
Highland,MT,2016,MT2016,4/5/16,RUNCIE,CIMMYTMA-012085,SA,High,9,64,9.5,5.5,83,252.5,2,100,2,0,0,133.5,132,23,43.25,9,192.5,1.5,NA,53431,10856,87535,28494,375954,5577022,2370212,29943,2530,9298,25761,189024,3116740,1506814,23210,3885,33103,48264,80002,11761,6078,10893,56500,3095,NA,NA,1763,5406,2465,NA,1904,3261,7438,48616,35160,6038,15777,NA,2738,14309,23658,207628,339774,137765,1999,2005,9950,18846,42754,NA,NA,1748
Highland,MT,2016,MT2016,4/5/16,RUNCIE,CIMMYTMA-014383,SA,Low,7.5,64,7.5,4.5,50.5,216,2.5,87.5,2,2.5,1,148,146,17,40.5,7.5,163.5,2,NA,25679,9895,100160,11940,274029,3579501,1021949,21060,5952,9953,46410,126688,2217188,993189,13100,NA,34068,41168,62790,NA,2505,6584,110698,2756,NA,NA,8465,2876,NA,NA,6548,NA,22349,135236,86996,10066,17364,NA,NA,41392,77016,406834,531218,286501,NA,NA,16794,43848,94274,NA,NA,8350
Highland,MT,2016,MT2016,4/5/16,RUNCIE,CIMMYTMA-019738,SA,Low,6,64,6,5,32,193,1,50,2,3,1,155,154,26,40,5,105,1,NA,9515,5021,98472,6654,270908,3807824,1713591,39153,11392,19651,44197,140760,2259725,1041623,10823,NA,30678,20212,66854,NA,5221,7625,136033,1472,NA,NA,8114,3279,NA,NA,5978,NA,15945,50108,38440,6063,10669,NA,NA,22372,20462,123936,186599,116157,NA,NA,7501,13557,29099,NA,NA,833
Highland,MT,2016,MT2016,4/5/16,RUNCIE,CIMMYTMA-013920,Mex,High,8,64,8,5,76,176.25,3,100,2.5,2.5,2.5,114,112,14.5,33,8,98.75,1.5,5247,39326,30568,113553,11904,372919,1432852,1091294,33814,13649,12592,51266,287072,2592306,1703382,233206,NA,46788,241544,138056,NA,6127,13214,170302,1561,NA,1856,20982,5912,NA,NA,16633,NA,10666,50516,46890,15099,33721,NA,NA,14336,28866,201692,409944,294301,NA,1245,8825,22220,58691,71444,145361,1717
Highland,MT,2016,MT2016,4/5/16,RUNCIE,CIMMYTMA-019483,Mex,High,9.5,64,9.5,6,92.5,182.5,2,75,2.5,2.25,2.5,99.5,97.5,12,31,9.5,75,1.5,NA,20686,9736,89552,14557,355076,3051152,1214439,19762,3019,7192,34256,207194,2071116,944335,14850,NA,24766,42212,86242,NA,5029,11605,106692,2486,NA,NA,10090,4142,NA,NA,10328,NA,35032,130669,67684,14818,19736,NA,NA,67322,102762,458151,683764,385278,NA,NA,28898,62337,160509,NA,NA,11626
Highland,MT,2016,MT2016,4/5/16,RUNCIE,CIMMYTMA-014283,SA,Low,8,64,8,4.5,55,250,2,75,2,1.5,1,148.5,145.5,16.25,38.5,7.5,167.5,1.5,11367,56996,32614,68354,9081,152281,3624546,1644428,52830,5903,12616,15586,108232,2388260,1622018,18413,NA,37224,30458,79052,NA,8103,5926,116323,5686,NA,4004,4847,2096,NA,NA,3994,NA,8100,28208,17675,6992,11150,NA,NA,12582,24353,201345,350090,259048,NA,1610,7108,22262,73246,173530,829869,2004
Highland,MT,2016,MT2016,4/5/16,RUNCIE,CIMMYTMA-013311,SA,High,8,64,7,4.5,81,360,3.5,100,2.5,0,0,151,150.5,14,40.25,6,253.75,2.25,3991,41430,35876,51154,5872,81648,2005396,1056020,25089,5009,13565,30102,237438,2969340,1951476,19944,NA,25925,29528,96434,NA,5828,10934,152232,2605,NA,2425,1061,4015,NA,NA,1806,NA,6902,43720,20432,1492,2659,NA,NA,10392,18214,173081,366774,272788,NA,1632,5904,16744,38976,101771,204131,1165
Highland,MT,2016,MT2016,4/5/16,RUNCIE,CIMMYTMA-021313,Mex,High,7,64,7,5,83,275,2,100,2,2,3,127,125,15.5,47.5,7,170,1,NA,21429,11920,75923,16118,366259,3594064,646815,19012,3692,3519,108960,133980,2020646,861634,10914,NA,32971,35248,85109,NA,2580,12133,29542,2310,NA,NA,3859,10596,NA,NA,1712,NA,19078,126227,80993,11123,14012,NA,NA,41167,111696,684039,888614,407687,NA,NA,25682,84510,224778,NA,NA,16696
Highland,MT,2016,MT2016,4/5/16,RUNCIE,CIMMYTMA-018244,SA,High,9,64,9.5,4.5,86,225,2.5,75,2.5,3,1,123.5,121.5,18.5,45,9,113.5,2,NA,12207,5917,88253,4878,64960,1946052,759212,22934,8918,17361,73036,169428,3073938,1646778,25100,NA,26042,28302,145416,NA,1424,9077,237549,2126,NA,NA,2212,4336,NA,NA,1080,NA,5206,24400,16770,4458,6380,NA,NA,10914,22740,201400,320674,172629,NA,NA,9382,17598,54448,NA,NA,1285
Highland,MT,2016,MT2016,4/5/16,RUNCIE,CIMMYTMA-013374,Mex,High,8.5,64,8.5,4.5,84.5,149,2,75,2.5,2,2.5,100,98,5.5,37,8.5,61,1,NA,18795,4293,128161,11506,84069,2309986,670728,18788,10676,15629,64160,305958,3284300,1974234,17427,NA,50154,57055,237025,17730,13272,16380,311792,1969,5870,NA,3807,2548,3562,3399,2147,3109,7240,53368,41246,9254,10711,7386,2411,17014,40560,357366,551947,174609,NA,4456,10906,31591,85888,NA,NA,9055
Highland,MT,2016,MT2016,4/5/16,RUNCIE,CIMMYTMA-000743,Mex,Low,7.5,64,7.5,4,38.5,220,3,100,2.5,2.5,1,137.5,134,15,41.5,7.5,127.5,2,1471,95156,65326,79727,6893,120102,3181990,1065828,70752,14841,25044,49896,232396,3227978,1840781,20236,NA,65130,51976,287089,4872,19214,20364,389708,4364,35009,3698,NA,9311,7480,7935,NA,17651,10584,127318,151685,NA,19446,25215,8426,39104,63980,276234,253265,62954,NA,9540,20676,58991,91116,283236,155328,NA
Highland,MT,2016,MT2016,4/5/16,RUNCIE,CIMMYTMA-014998,SA,Low,8.5,64,9,5,50.5,227.5,2,62.5,2,2.25,1,148,150,16.5,44,8,132.5,1.5,NA,20080,6930,114076,13776,268884,3203108,634588,50798,10957,11498,52728,172761,2869114,1779041,11801,NA,34250,44417,73476,NA,3022,12252,133652,3334,NA,NA,1767,3630,NA,NA,1525,NA,22552,57210,40184,5747,6890,NA,NA,29729,41571,236262,343906,216384,NA,NA,14094,28518,92296,NA,NA,6092
Highland,MT,2016,MT2016,4/5/16,RUNCIE,CIMMYTMA-023628,Mex,Low,8.5,64,9,6,65,325,2,75,2.5,1,0.5,145,144.5,14,45.5,8.5,222.5,1.5,NA,18102,4443,83530,9029,183466,3500444,835984,32364,3752,11138,49968,132776,2631500,1162438,13220,NA,31320,24090,76154,NA,4322,7638,81524,2184,NA,NA,9324,5698,NA,NA,7260,NA,12160,163354,110956,7208,13209,NA,NA,34184,51638,373386,501304,253662,NA,NA,7957,37102,72761,NA,NA,5198
Highland,MT,2016,MT2016,4/5/16,RUNCIE,CIMMYTMA-024894,SA,High,10,64,10,3,64,250,2,75,2,0,0,131,130,20,47,10,150,2,NA,NA,NA,77436,NA,268147,4789905,2848983,26568,14921,13377,16942,268477,2891762,1828484,18228,NA,38363,66519,87182,16647,7710,11847,239702,NA,21643,NA,NA,8515,10413,8364,NA,10131,17936,112203,97861,NA,12599,14417,5809,27588,55168,NA,NA,26387,NA,6215,18206,33433,92009,NA,NA,NA
Highland,MT,2016,MT2016,4/5/16,RUNCIE,CIMMYTMA-012231,SA,High,8.5,64,9,4.5,84,227.5,3.5,93.75,2.75,2,1.5,123.5,121,22,43,8.5,115.5,1.5,NA,19865,7264,74478,5213,176294,4083817,1511016,27534,10092,11094,21983,189734,3210808,1574914,17584,NA,38440,57194,114812,11501,6654,11844,78292,1962,15237,NA,4889,6226,7131,6760,2102,7242,16123,138042,114493,6624,11350,19007,7460,28678,60058,349314,592845,213895,NA,7124,15292,42224,111015,NA,NA,1542
Highland,MT,2016,MT2016,4/5/16,RUNCIE,CIMMYTMA-026029,SA,Low,9,64,9,5,64,285,1,50,2,2,1,147,145,20,48,9,180,2,NA,NA,NA,119563,NA,335321,5360663,1498132,30963,19310,22047,26594,327124,3835018,1772563,21685,NA,63729,93677,206205,13060,12222,19658,310753,NA,6447,NA,NA,13988,13754,14024,NA,6989,23208,129583,86611,NA,33799,13033,7426,46920,84928,NA,NA,34389,NA,10400,28318,59695,130591,NA,NA,NA
Highland,MT,2016,MT2016,4/5/16,RUNCIE,CIMMYTMA-005339,Mex,Low,8,64,8,5,53,210,2,75,2,2,1,146,141,13,41,8,125,1,NA,50362,5217,73113,20716,155009,3802804,300827,33527,4628,4147,153709,57180,2005595,1299461,16696,NA,55086,62369,62780,NA,1443,4641,31311,4387,NA,NA,7174,3932,NA,NA,3806,NA,16533,146840,146656,5445,20132,NA,NA,48860,87110,433771,808363,672341,NA,NA,28434,54783,143349,NA,NA,2301
Highland,MT,2016,MT2016,4/5/16,RUNCIE,CIMMYTMA-008360,SA,High,7,64,8,4,80,318.75,3,100,3,0,0,151,150,21,46.5,7,231.25,1,NA,19365,6503,58900,9792,133611,3229705,1262928,16471,4850,7548,14852,130829,1990715,1330191,14874,NA,24798,29006,54598,NA,1816,7307,114012,2435,NA,NA,5786,2803,NA,NA,4150,NA,6199,63769,59310,6801,15256,NA,NA,18304,36280,334220,657826,511074,NA,NA,6180,32620,100015,NA,NA,4226
Highland,MT,2016,MT2016,4/5/16,RUNCIE,CIMMYTMA-022843,SA,High,7,64,6,6,54,230,1,25,2,2,1,146,146,15,39,7,160,1,NA,29747,9486,126765,10764,161934,3517646,925938,28473,4027,10556,53222,93808,2466487,1134960,13511,NA,32967,38947,74660,NA,6244,7139,101142,1287,NA,NA,4732,5399,NA,NA,2493,NA,9824,170358,116119,8259,9367,NA,NA,31900,42802,367574,503761,256596,NA,NA,1947,32691,59862,NA,NA,8076
Highland,MT,2016,MT2016,4/5/16,RUNCIE,CIMMYTMA-002335,Mex,Low,9,64,10,4,47,NA,4,75,3,0,0,NA,NA,NA,NA,2,190,1,NA,16869,9005,76199,17531,331223,3763494,554574,24231,4954,12388,23549,135421,2457230,1031104,16952,NA,43399,48979,100684,NA,2735,10259,140287,2420,NA,NA,7484,7920,NA,NA,6676,NA,9938,45769,28763,8085,13084,NA,NA,19781,42038,269854,354606,162626,NA,NA,12119,39590,112478,NA,NA,5810
Highland,MT,2016,MT2016,4/5/16,RUNCIE,CIMMYTMA-000861,Mex,Low,10,64,10,5,46,173,1,50,2,2,1,128,126,14,36,10,80,2,NA,19330,8380,153208,13159,270405,3390592,618041,32569,5913,14089,62139,129370,2229425,796187,95926,NA,42086,19956,67324,NA,1558,8965,136166,2121,NA,NA,8855,1575,NA,NA,8175,NA,10739,65181,39721,18821,32086,NA,NA,23787,94606,553043,546366,203820,NA,NA,16429,72782,297970,NA,NA,8466
Highland,MT,2016,MT2016,4/5/16,RUNCIE,CIMMYTMA-021113,Mex,High,10,64,10,6,91,216,1.5,87.5,2,1,0.5,113,111,8.5,39,9,118,1,NA,8722,1835,67600,23266,191755,3492827,1184053,9778,6211,14063,23371,116332,2675106,1219350,16656,NA,29059,44916,84608,NA,7121,5480,71068,1184,NA,NA,4051,4401,NA,NA,1964,NA,6768,50484,34283,1297,5408,NA,NA,13297,31612,174537,254419,119414,NA,NA,7601,19894,53754,NA,NA,4013
Highland,MT,2016,MT2016,4/5/16,RUNCIE,CIMMYTMA-027432,Mex,High,7,64,9,5,70,310,2,100,2,3,3,157,155,19,42,6,270,1,NA,16564,11423,78339,9304,185981,3421640,1105093,24566,2150,8071,14230,132489,2494620,1195815,15825,NA,38342,30710,66651,NA,9551,9172,69999,2398,NA,NA,10811,1992,NA,NA,9194,NA,7247,49689,40150,8495,21823,NA,NA,14593,33654,252848,404968,238906,NA,NA,9327,27215,78670,NA,NA,5810
Highland,MT,2016,MT2016,4/5/16,RUNCIE,CIMMYTMA-025289,Mex,Low,9,64,9,5,74,270,3,100,3,2,2,150,148,23,44,9,195,1,NA,15033,6570,61594,8349,119737,3142283,1270457,30087,8176,13397,15363,105120,2419975,1426598,15146,NA,23696,29797,57361,NA,2507,6373,162118,5109,NA,NA,5808,6053,NA,NA,4994,NA,7789,56853,44878,7305,10464,NA,NA,15409,33845,253340,430744,251765,NA,NA,8660,22456,66970,NA,NA,5627
Highland,MT,2016,MT2016,4/5/16,RUNCIE,CIMMYTMA-016818,SA,Low,5,64,5,5,51,145,2,100,2,0,0,117,114,24,45,5,94,1,2596,49232,32628,99305,9174,261867,4338652,1116418,58845,9978,26789,25463,261733,NA,2215523,17804,NA,50637,29478,98212,NA,8145,13972,129654,5177,NA,3465,NA,1947,NA,NA,NA,NA,7963,16404,NA,NA,NA,NA,NA,6601,22600,116239,181500,109314,NA,1031,4530,16764,53594,142920,216490,NA
Highland,MT,2016,MT2016,4/5/16,RUNCIE,CIMMYTMA-008962,SA,Low,7.5,64,8,5,63,250,2,87.5,2.5,1.5,0.5,141.5,139,19,41,7.5,135,1.5,6825,61400,32530,58379,9740,144918,3798841,969553,26903,5919,13162,16597,106413,2663448,1830508,18918,NA,35201,25816,69270,NA,6872,9824,135046,5462,NA,4026,1139,2222,NA,NA,997,NA,4580,20818,11438,1482,2465,NA,NA,6063,13631,123150,261276,226636,NA,2409,4054,15889,36186,238535,690592,1225
Highland,MT,2016,MT2016,4/5/16,RUNCIE,CIMMYTMA-028912,SA,Low,7,64,7,5,45,225,0,100,0,2,1,151,148,23,36,7,145,1,NA,14475,6392,91753,9184,225425,3097433,1118567,48636,17371,19375,14353,197298,2522170,1455413,17744,NA,23224,25275,57283,NA,1892,9198,195840,1613,NA,NA,13352,1132,NA,NA,9310,NA,13908,64816,48332,9895,18240,NA,NA,20977,51089,221828,299456,187052,NA,NA,8980,26022,69813,NA,NA,4029
Highland,MT,2016,MT2016,4/5/16,RUNCIE,CIMMYTMA-014359,SA,High,8.5,64,8,5.5,73,182.5,2,75,2,2,1,123.5,122.5,18,33,8,101.25,1,NA,26365,8274,103729,7150,174236,3432604,820640,22280,11438,17652,21523,225292,3602279,1721884,23437,NA,35264,47379,157081,9896,6262,8490,131460,3241,5584,NA,5902,8843,6608,7542,5865,3340,17672,110286,72982,8474,14868,9720,8432,38957,72340,272787,545946,193182,NA,10673,18742,64235,156066,NA,NA,4062
Highland,MT,2016,MT2016,4/5/16,RUNCIE,CIMMYTMA-024483,SA,High,9.5,64,8,5,66,181.25,1.5,31.25,2.25,1.5,1,119,117,10.5,35.5,9.5,96.5,2,NA,18878,9220,92850,6711,54144,1503094,514312,12508,8260,14933,45706,224826,3002080,1465220,19940,NA,19666,35504,118889,NA,2582,12724,163208,2266,NA,NA,7066,8463,NA,NA,6394,NA,16534,167506,125288,10246,13848,NA,NA,44886,95048,532188,781568,411275,NA,NA,22706,60266,144535,NA,NA,7662
Highland,MT,2016,MT2016,4/5/16,RUNCIE,CIMMYTMA-012291,SA,High,9,64,9,6,101,262.5,2,50,2,0,0,114,112,24,44,9,137.5,2,NA,16589,10422,113859,15291,238911,3180987,847093,21527,4775,10404,63474,208186,2617789,1091304,16091,NA,31104,43975,119810,NA,11079,11606,41510,3216,NA,NA,5559,5292,NA,NA,1515,NA,11379,139296,82743,8253,9947,NA,NA,26718,40372,435362,588065,272683,NA,NA,10181,36578,72945,NA,NA,5479
Highland,MT,2016,MT2016,4/5/16,RUNCIE,CIMMYTMA-014453,SA,Low,4,64,4,3,66,232.5,1,25,2,0,0,NA,NA,NA,NA,3,135,0.5,NA,10562,2094,65401,6327,105574,2671530,1685653,19073,7733,16699,22908,156969,3066466,2346705,27961,NA,37708,29283,60542,NA,8150,7275,145493,6378,NA,NA,1301,9130,NA,NA,660,NA,11792,26950,24837,1898,2397,NA,NA,10872,12125,105343,256023,234981,NA,NA,6004,7572,19457,NA,NA,1077
Highland,MT,2016,MT2016,4/5/16,RUNCIE,CIMMYTMA-023971,Mex,Low,8,64,8,6,57,200,4,100,2,3,1,128,126,9,37,8,85,2,NA,18136,10634,68582,8195,157153,2852476,1023617,44905,9429,23176,15931,188290,2643193,995311,15791,NA,34439,18737,115107,NA,6742,10520,277434,1080,NA,NA,24577,743,NA,NA,16301,NA,6600,57094,42326,14721,48600,NA,NA,19697,41822,283768,360485,176183,NA,NA,9149,33960,87496,NA,NA,6644
Highland,MT,2016,MT2016,4/5/16,RUNCIE,CIMMYTMA-011857,SA,Low,7,64,8,5,42,175,2,75,2,2,1,139,138,18,38,7,120,2,NA,10080,6160,120405,13019,257426,3045526,1001319,29008,9087,14699,55903,196306,2507109,1349209,20049,NA,43286,31711,154556,NA,10858,15296,116996,1887,NA,NA,28108,5798,NA,NA,17149,NA,13411,42474,38220,11078,29952,NA,NA,21317,31749,136628,224441,153122,NA,NA,24980,29054,53717,NA,NA,1286
Highland,MT,2016,MT2016,4/5/16,RUNCIE,CIMMYTMA-016642,Mex,High,10,64,10,6,87,225,1,75,2,2,1,112,110,12,39,10,75,1,NA,23378,8708,83901,13890,193929,2875743,791913,16434,3516,16010,17537,150507,2634086,1207389,22903,NA,29321,94829,116251,NA,2720,9554,102211,504,NA,NA,52913,6315,NA,NA,38548,NA,13503,150271,126616,25915,73283,NA,NA,33028,55173,341529,534847,296855,NA,NA,13393,35479,74193,NA,NA,7070
Highland,MT,2016,MT2016,4/5/16,RUNCIE,CIMMYTMA-014996,SA,High,10,64,10,5,84,202.5,2.5,87.5,2.5,2,1,113.5,110.5,18,44.5,10,80,1,9801,42878,31913,72670,7962,42857,1675644,1023664,16086,6989,9825,24268,200130,3290021,1906550,17437,NA,29674,31536,174805,NA,10305,10184,219331,3564,NA,3441,968,2000,NA,NA,1563,NA,8774,73848,103477,6134,4735,NA,NA,17884,42536,368646,649886,286455,NA,1343,9874,38036,96228,252212,478799,7799
Highland,MT,2016,MT2016,4/5/16,RUNCIE,CIMMYTMA-026034,SA,Low,9,64,9,5,48,210,2,100,3,0,0,151,148,19,41,9,130,1,NA,21563,9347,98541,3584,146405,3231412,544647,25051,11841,21674,112158,155242,2943320,1248029,14019,NA,33043,42531,66078,NA,3098,9227,150095,2054,NA,NA,18131,2649,NA,NA,12938,NA,15619,62542,34979,12738,28297,NA,NA,27744,76365,319086,348031,165882,NA,NA,16463,47996,133047,NA,NA,6212
Highland,MT,2016,MT2016,4/5/16,RUNCIE,CIMMYTMA-007876,SA,Low,7,64,6,4,44,240,2,100,2,3,2,157,NA,29,42,5,190,1,NA,NA,NA,96125,NA,178609,4456353,1277274,54611,19167,19614,23738,276545,4055275,2103798,14585,NA,63541,74415,257921,14124,18458,21328,376316,NA,33805,NA,NA,13900,6805,5262,NA,16034,12243,89890,61708,NA,6645,24118,5817,29403,41538,NA,NA,18110,NA,7821,17404,35730,70027,NA,NA,NA
Highland,MT,2016,MT2016,4/5/16,RUNCIE,CIMMYTMA-008025,SA,High,6.5,64,7,4,53.5,157.5,2.5,100,2,2.5,1,105.5,103,10,36,6.5,65,1.5,NA,27652,10971,74182,5562,46048,2244686,814622,27461,9266,19295,26963,106878,2932146,1710584,16652,NA,43579,41315,83278,NA,4702,4750,203134,3274,NA,NA,3028,5671,NA,NA,2782,NA,9228,81612,56422,5142,6404,NA,NA,22112,32149,286162,502920,327104,NA,NA,10048,25475,58218,NA,NA,1163
Highland,MT,2016,MT2016,4/5/16,RUNCIE,CIMMYTMA-027102,Mex,High,8.5,64,8.5,4,80,174,1.5,75,2.5,2.5,2.5,100.5,98.5,3,39.5,8.5,77.5,1,2207,86208,48828,79166,6991,93651,2234720,964288,16385,3620,7910,19442,158629,1778640,1975291,21846,NA,30748,44402,61758,NA,8842,7304,179432,3434,NA,3705,18423,5932,NA,NA,12992,NA,46330,150314,147682,14985,29828,NA,NA,75168,57056,383278,836338,657408,NA,4775,27897,39066,88859,69704,242602,13441
Highland,MT,2016,MT2016,4/5/16,RUNCIE,CIMMYTMA-018676,SA,High,10,64,10,5,56,191,2,75,2,2,1,138,135,20,41.5,9,100,1,NA,14199,7784,151221,14956,152461,2907362,714721,67932,20468,31396,22288,141930,2751708,1521855,19572,NA,37546,31535,98623,NA,10000,10881,201313,4668,NA,NA,7101,5049,NA,NA,4703,NA,7397,60162,54130,5572,11382,NA,NA,15752,22999,182271,330082,236805,NA,NA,8335,18417,44858,NA,NA,4662
Highland,MT,2016,MT2016,4/5/16,RUNCIE,CIMMYTMA-026062,SA,Low,8,64,8,5.5,44,245,2,75,2.5,2.5,1,153,152,24.5,38,7,166,1.5,NA,36161,11881,96602,8505,140685,3494792,610227,57601,18861,24854,48374,243857,4051446,1860364,17014,NA,50156,32720,142988,11317,8434,15724,138626,3336,21473,NA,2988,25743,5976,7150,1610,34585,15288,124084,81644,2828,12440,22973,7018,30248,49670,235452,403069,145314,NA,12412,14483,37896,68784,NA,NA,1652
Highland,MT,2016,MT2016,4/5/16,RUNCIE,CIMMYTMA-007026,Mex,Low,7,64,6.5,4.5,52.5,263.75,0,100,0,1,0.5,152,152,18,44.5,6,167.5,1,NA,17261,8663,113302,11422,135986,1849637,651538,32141,7298,18790,70744,177660,3364263,1624886,19060,NA,33419,37586,97796,NA,5217,9278,147670,2404,NA,NA,5369,3807,NA,NA,2140,NA,7938,49332,34383,2980,9570,NA,NA,16167,31852,242038,358213,197948,NA,NA,11543,25612,60558,NA,NA,2602
Highland,MT,2016,MT2016,4/5/16,RUNCIE,CIMMYTMA-025027,Mex,Low,9,64,9,4,49,114,2,50,2,2,1,119,117,12,23,9,48.5,2,NA,12359,7472,115922,19259,167347,2892218,735780,43947,13425,31376,27693,177367,2897995,1341030,18538,NA,49973,21958,220431,NA,11214,15860,243387,2145,NA,NA,8418,1006,NA,NA,5544,NA,5271,71362,47253,4413,8959,NA,NA,23840,24891,128241,175460,102707,NA,NA,6496,18380,30542,NA,NA,3601
Highland,MT,2016,MT2016,4/5/16,RUNCIE,CIMMYTMA-000686,Mex,Low,7,64,7,5,46,245,4,100,3,3,1,155,152,14,39,7,165,NA,NA,NA,NA,105177,NA,172750,3866997,1301661,117540,35733,14832,35527,423809,4020912,2390748,42817,NA,57420,47708,120560,16574,13033,35410,269079,NA,47597,NA,NA,44135,6918,5519,NA,36976,23141,201523,148192,NA,9881,46531,2164,40117,112377,NA,NA,31866,NA,11085,20762,52725,125494,NA,NA,NA
Highland,MT,2016,MT2016,4/5/16,RUNCIE,CIMMYTMA-017793,Mex,Low,4,64,6,2,35,NA,2,75,3,3,1,NA,NA,NA,NA,1,NA,NA,NA,23241,1078,141889,9311,88511,2232235,1315488,50735,16254,17869,51648,130886,2977098,2382910,22414,NA,37491,62433,86351,NA,2574,8317,180848,2096,NA,NA,9807,1855,NA,NA,6981,NA,1722,23948,38769,1987,9699,NA,NA,2567,10872,53782,131827,180450,NA,NA,1912,2356,14291,NA,NA,974
Highland,MT,2016,MT2016,4/5/16,RUNCIE,CIMMYTMA-002345,Mex,Low,5,64,4,4,55,230,2,100,2,2,1,151,149,15,39.5,5,125,1,NA,13295,4521,76142,7962,110970,2810349,571580,23454,4145,13977,137860,116630,2924738,1601667,21704,NA,34619,48140,80493,NA,2545,8596,116121,2800,NA,NA,11811,9485,NA,NA,8853,NA,15356,104422,73546,1688,14902,NA,NA,28173,39836,208072,346619,239232,NA,NA,14831,25952,46594,NA,NA,2778
Highland,MT,2016,MT2016,4/5/16,RUNCIE,CIMMYTMA-003229,Mex,Low,7,64,7,5,57,310,2,50,2,2,1,155,157,27,54,5,210,1,NA,17865,8189,93287,7769,67440,2500600,976110,43765,10291,17592,20721,163831,3212630,1702062,16514,NA,35186,28218,100697,NA,9256,8560,208538,2199,NA,NA,10430,1319,NA,NA,7199,NA,5650,51508,36622,6651,14626,NA,NA,12651,28093,176673,256954,148056,NA,NA,7798,17307,45568,NA,NA,834
Lowland,PV,2016,PV2016_2,4/1/16,RUNCIE,CIMMYTMA-012290,SA,High,10,31,10,6,142,208,2,25,0,1,1,NA,57,9,150,7,117,1,25022,93347,39703,70745,10320,196077,1913438,1932081,56255,1523,8081,23688,195664,1912616,1852813,23005,NA,49972,32953,147352,NA,8582,18393,157140,16311,NA,3548,NA,34983,NA,NA,NA,NA,18252,25809,NA,NA,NA,NA,NA,27531,20946,176900,323914,251393,NA,4842,8038,36933,61172,196263,593615,NA
Highland,MT,2016,MT2016,4/5/16,RUNCIE,CIMMYTMA-014578,SA,Low,8.5,64,10,4,43,212.5,1.5,75,2,2.5,1,152,149,21,36.5,8.5,138.5,1.5,6251,139839,73304,93784,6847,205758,2709192,488150,53396,19461,23095,29036,421370,4646807,2604574,24174,NA,63016,37148,163978,11100,10984,20832,239684,6003,17477,4291,NA,4536,7722,7047,NA,7200,18640,125815,85916,NA,14501,12670,7298,30934,63665,342915,501053,189055,NA,5400,15801,42543,88062,157841,244605,NA
Highland,MT,2016,MT2016,4/5/16,RUNCIE,CIMMYTMA-018374,Mex,High,9,64,8,5,104,235,2,100,2,3,3,107,104,3,46,9,125,2,NA,20524,14045,133019,8935,118489,1911766,803713,9896,2167,12444,108990,114878,2831921,1203319,21285,NA,27227,223025,72399,NA,1932,4892,124411,2417,NA,NA,29940,10940,NA,NA,25441,NA,16950,129488,99736,20230,64927,NA,NA,33176,78233,524839,868635,428803,NA,NA,17929,54335,143562,NA,NA,4094
Highland,MT,2016,MT2016,4/5/16,RUNCIE,CIMMYTMA-011854,SA,Low,3,64,3,5,42.5,168.5,1.5,25,2,1,1,139,137,11.5,42.5,2,95,2,NA,13981,6017,264394,20663,160754,2367216,436464,49897,10221,16572,111281,112868,3141394,1600039,13959,NA,53921,28847,95296,NA,8481,8342,178025,2822,NA,NA,6480,2494,NA,NA,2934,NA,7477,64511,53138,7902,10097,NA,NA,16176,29531,282664,459766,250301,NA,NA,7836,22912,58409,NA,NA,2285
Highland,MT,2016,MT2016,4/5/16,RUNCIE,CIMMYTMA-001968,Mex,High,4,64,4.5,4.5,56,232.5,1,100,2,3,1,136,135,12,40.5,4,135,2,NA,24430,12262,88468,13272,156512,2146716,448763,15136,4298,13862,60066,160672,2820522,1732028,21478,NA,38236,44816,142335,NA,12265,12002,131635,4904,NA,NA,11164,2188,NA,NA,4206,NA,8100,49920,51793,9048,25866,NA,NA,16688,35342,259806,506542,378810,NA,NA,10494,31584,88188,NA,NA,4054
Lowland,PV,2016,PV2016_2,4/1/16,RUNCIE,CIMMYTMA-024925,SA,High,2,31,8,5,147,166,1,25,0,NA,NA,NA,NA,NA,NA,1,71,1,13109,121976,34176,55528,6233,96038,1877645,1667974,51015,5941,4986,45263,285229,2547968,2358512,36635,NA,37512,75476,113837,NA,7670,18521,54925,7659,NA,2273,NA,27782,NA,NA,NA,NA,2109,14783,NA,NA,NA,NA,NA,3921,14571,366930,102774,300982,NA,2088,4488,32801,64975,309419,371064,NA
Highland,MT,2016,MT2016,4/5/16,RUNCIE,CIMMYTMA-018202,SA,High,10,64,8,6,79,175,2,100,3,3,2,119,117,26,40,7,100,1,5904,113508,97312,61769,6675,105826,2477658,946294,15564,4032,13095,22793,219087,NA,2115042,22448,NA,35693,30036,126727,NA,8518,13030,84289,3496,NA,3017,NA,1646,NA,NA,NA,NA,5587,15321,NA,NA,NA,NA,NA,7922,33128,211596,331499,185034,NA,1128,7382,30368,108515,306907,739410,NA
Highland,MT,2016,MT2016,4/5/16,RUNCIE,CIMMYTMA-024848,SA,High,10,64,10,5,80,194,2,75,2,2,1,114,112,15,37,10,85,1,NA,64240,35856,185978,18041,52290,1512558,441453,21682,4734,6752,108333,120482,2624290,1115977,26960,NA,21375,107957,149214,NA,3408,4744,184895,1889,NA,NA,3258,4295,NA,NA,2819,NA,14682,130741,89037,14863,18670,NA,NA,43036,88284,1112251,1610987,769209,NA,NA,20795,122343,310973,NA,NA,13420
Highland,MT,2016,MT2016,4/5/16,RUNCIE,CIMMYTMA-000645,Mex,Low,8.5,64,9,5,45.5,225,1,37.5,2,2,1,133,132,11.5,41,8.5,122.5,1.5,14051,43884,34414,88262,12467,135230,1966346,589650,68784,9173,29699,30632,212726,2868142,2239838,21853,NA,62048,35312,192912,NA,12308,17658,345782,4914,NA,5028,1024,1658,NA,NA,407,NA,8004,16068,5874,498,1073,NA,NA,11236,18428,74884,107940,85515,NA,3294,6155,17348,33069,151554,305002,579
Highland,MT,2016,MT2016,4/5/16,RUNCIE,CIMMYTMA-010248,SA,Low,7,64,9,5,66,292.5,1,75,2,2,1,NA,95,25,52,7,195,1,NA,15507,7329,83900,6404,97657,2436903,613740,15206,4369,11190,21828,152279,3272571,1621297,12981,NA,28242,23829,78228,NA,9140,7835,96723,1600,NA,NA,3190,3519,NA,NA,1335,NA,6347,48626,29907,1214,6447,NA,NA,12705,19926,155854,233313,123536,NA,NA,6315,15418,31712,NA,NA,1087
Highland,MT,2016,MT2016,4/5/16,RUNCIE,CIMMYTMA-008993,SA,Low,9,64,10,5,52,220,2,75,3,3,1,155,154,17.5,45.5,8,180,NA,NA,NA,NA,83275,NA,68979,2692749,1738974,20640,18432,18418,22111,226742,4030659,3153043,23874,NA,68673,75621,376123,17536,17380,16839,304435,NA,4095,NA,NA,5631,4470,4894,NA,3635,9616,128963,175641,NA,9853,6447,3724,40871,59743,NA,NA,27148,NA,13034,17539,37054,101775,NA,NA,NA
Highland,MT,2016,MT2016,4/5/16,RUNCIE,CIMMYTMA-016261,Mex,Low,8.5,64,9,4,36,223.75,1.5,50,2,2.5,1,157,NA,24.5,31.5,3.5,129.5,0.5,NA,5828,5574,80916,8984,89000,1906493,515069,28302,11330,17478,55842,158990,3311429,1966454,27390,NA,41896,32538,133644,NA,10356,11722,154552,2178,NA,NA,1480,2044,NA,NA,741,NA,6589,37948,30875,1430,1967,NA,NA,16548,22074,108872,182621,137919,NA,NA,7057,17626,37816,NA,NA,1062
Lowland,PV,2016,PV2016_2,4/1/16,RUNCIE,CIMMYTMA-026062,SA,Low,6,31,10,7,186,236,1,25,0,4,1,50,49,17,400,6,145,1,71563,173517,73516,69978,7426,137313,1253077,895691,73325,13081,3918,28245,226542,2048982,1831921,16727,NA,37963,45948,95608,NA,9447,17099,43948,17112,NA,7088,NA,40661,NA,NA,NA,NA,16304,92558,NA,NA,NA,NA,NA,28627,53876,499080,1015476,978120,NA,10722,6005,90207,164619,403133,1896050,NA
Highland,MT,2016,MT2016,4/5/16,RUNCIE,CIMMYTMA-007937,Mex,High,9.5,64,9,6.5,80,148.5,3,87.5,2.5,1.5,2,100.5,98.5,4,33.25,9.5,58.5,1,NA,15411,8071,75293,7490,54131,1235478,610768,19789,16708,27968,31432,336856,4369052,2154466,30009,NA,33022,96840,270467,16335,14198,17781,203490,1540,5204,NA,21918,7184,5577,11542,15780,2552,7206,75454,59506,9685,46767,6232,5055,25807,52984,223096,339695,105730,NA,8581,14074,43664,100869,NA,NA,4932
Lowland,PV,2016,PV2016_2,4/1/16,RUNCIE,CIMMYTMA-023628,Mex,Low,9.5,31,9.5,6.5,187.5,267,1.5,37.5,1.5,2,2.5,57,56,15,490,9,173,1.5,25011,91067,26862,106394,14861,112150,1527002,1484286,53626,17809,27798,43372,748030,3403443,2273906,49748,10448,58534,61036,390868,13044,10910,41036,289008,9355,NA,4301,NA,15322,4719,NA,NA,1932,19988,42172,12604,1404,2776,NA,5066,28615,48158,283254,449886,416122,2410,15580,14686,64094,144210,253883,995033,1104
Highland,MT,2016,MT2016,4/5/16,RUNCIE,CIMMYTMA-008361,SA,High,9,64,9,5,65,255,4,100,3,2,1,131,128,22,40,9,130,2,NA,NA,16908,122885,24097,179322,3164010,1002936,40505,35965,35739,40477,524193,6254368,3357154,19002,3354,65975,46011,194953,13830,15935,22676,74994,NA,NA,NA,NA,9178,1974,NA,NA,2273,19609,115910,72494,8836,3764,NA,2164,29572,50677,296218,465084,NA,2467,3376,11461,30302,55865,NA,NA,2167
Highland,MT,2016,MT2016,4/5/16,RUNCIE,CIMMYTMA-008102,Mex,High,9,64,9,5,74,275,3,100,3,3,3,118,116,11,40,9,160,2,2590,99462,63194,45237,4603,154968,1884899,678794,14614,1790,9146,97156,206641,2122155,1630531,22315,NA,32088,30751,86255,NA,2667,16677,133028,1868,NA,21856,NA,87824,NA,NA,NA,NA,11883,63689,NA,NA,NA,NA,NA,23262,55097,321092,532127,384930,NA,7348,12667,80623,124617,374247,458098,NA
Highland,MT,2016,MT2016,4/5/16,RUNCIE,CIMMYTMA-014311,SA,Low,10,64,10,5,66,265,2,75,2,2,1,151,154,15,45,8,185,1,NA,31635,13010,76744,12933,65335,2011245,363792,34364,8991,28659,32721,161548,3399113,1334140,14216,NA,48821,32495,195176,NA,11103,10569,210475,2041,NA,NA,23783,5980,NA,NA,16419,NA,6845,44162,28663,13032,30974,NA,NA,17378,31550,234659,292291,135178,NA,NA,9344,32471,73460,NA,NA,6269
Lowland,PV,2016,PV2016_2,4/1/16,RUNCIE,CIMMYTMA-025289,Mex,Low,7,31,7,6,180,220,0,0,0,2,3,58,57,17,460,7,156,1,15784,71472,29058,107822,7240,56542,1439240,1216061,81376,17733,20832,69394,344922,1780906,1780865,58599,NA,73779,82433,241299,NA,14477,21046,119338,17353,NA,6588,NA,64322,NA,NA,NA,NA,36527,29890,NA,NA,NA,NA,NA,38522,31870,85114,157638,164817,NA,16807,14727,37343,50115,170369,1180911,NA
Lowland,PV,2016,PV2016_2,4/1/16,RUNCIE,CIMMYTMA-015009,SA,High,5,31,7,6,165,172,2,75,0,3,1,47,46,12,350,4,88,2,22170,91598,40288,83641,7691,62608,1318939,1016836,30799,7863,11500,53451,335502,1581581,1581707,37721,NA,57674,65320,166568,NA,7633,18973,225635,13914,NA,6386,NA,62198,NA,NA,NA,NA,22759,52595,NA,NA,NA,NA,NA,27552,30355,324344,762188,690201,NA,12835,6243,62955,94340,269319,1097634,NA
Lowland,PV,2016,PV2016_2,4/1/16,RUNCIE,CIMMYTMA-000686,Mex,Low,4.5,31,5.5,5.5,183.5,253,2,75,0.5,3,1,57,56.5,16.5,435,4.5,164,1.5,4557,105909,25990,125036,12416,54842,990056,827036,60414,17054,20711,63766,548054,3907002,3134828,44194,9346,58085,64927,270180,14271,5793,28616,233752,12948,NA,1726,NA,16230,8553,NA,NA,5993,14294,53476,56848,6344,6421,NA,9870,30072,96244,374624,368954,146335,6605,11861,26708,64784,127351,215044,227511,5384
Highland,MT,2016,MT2016,4/5/16,RUNCIE,CIMMYTMA-012541,SA,High,8,64,8.5,5,80,235,2,87.5,2.5,1,0.5,119.5,117.5,23,44.5,8,133.5,1,NA,43272,4764,189108,30557,96092,1998318,541078,43256,15795,12942,68834,325742,3776346,2429326,21928,NA,52801,53377,321998,11881,23270,29699,90546,5919,53096,NA,1688,13950,4585,4259,1624,27395,9716,54798,65677,3575,7900,27643,2266,22418,38708,380614,1037316,608580,NA,5119,8840,40598,128082,NA,NA,2500
Highland,MT,2016,MT2016,4/5/16,RUNCIE,CIMMYTMA-014287,SA,Low,6,64,7,3,50,207.5,2,100,2,0,0,154,152,15,38.5,6,147.5,2,NA,1871,1537,103248,10265,99853,1569058,742588,11116,9399,28527,24069,286329,3728128,1936940,23442,NA,37398,32461,422912,NA,19749,23653,193897,2172,NA,NA,790,5136,NA,NA,502,NA,12888,21355,11909,1041,701,NA,NA,17083,28934,75733,91860,40913,NA,NA,8377,15928,25171,NA,NA,595
Lowland,PV,2016,PV2016_2,4/1/16,RUNCIE,CIMMYTMA-011854,SA,Low,5,31,6,7,156,190,0,0,0,4,1,55,54,14,405,5,130,2,23163,83626,37590,91988,7693,86604,1524557,1027776,83646,16428,25161,37243,513862,1722914,1723088,35603,NA,101227,72252,263642,NA,9455,26368,201609,14991,NA,1709,NA,23114,NA,NA,NA,NA,2344,22627,NA,NA,NA,NA,NA,6915,10998,310206,206177,282368,NA,2999,3164,32540,49593,301611,645997,NA
Highland,MT,2016,MT2016,4/5/16,RUNCIE,CIMMYTMA-012342,SA,High,7,64,9,4,92,244,3,100,3,2.5,1.5,127,125,30,51,7,120,1.5,NA,20944,6066,44772,7096,44510,1026678,137691,21018,9322,13033,55065,149950,1747531,716574,8155,NA,37556,35191,156644,NA,1026,24470,94425,43397,NA,NA,9019,9433,NA,NA,2320,NA,238585,457346,110223,15895,10407,NA,NA,952734,1419625,572422,206109,87149,NA,NA,903109,996533,524187,NA,NA,27481
Lowland,PV,2016,PV2016_2,4/1/16,RUNCIE,CIMMYTMA-025041,Mex,Low,7,31,10,6,177,290,1,25,0,4,1,57,57,16,470,7,194,2,17287,67432,31393,89954,6777,50407,1441272,1091066,67327,13574,22376,49053,394179,1775878,1776066,42680,NA,72707,65979,178406,NA,10995,18365,197380,13765,NA,3780,NA,26207,NA,NA,NA,NA,7303,32133,NA,NA,NA,NA,NA,13369,19201,149130,285601,265710,NA,7121,2499,35204,61081,176503,807125,NA
Highland,MT,2016,MT2016,4/5/16,RUNCIE,CIMMYTMA-010234,Mex,High,8,64,9,5,115,200,2,100,3,4,3,100.5,100,6.5,36.25,8,91,1,NA,15525,9258,91402,4386,57133,931041,595562,9349,6758,11272,20967,200944,2759605,1996030,21822,NA,12956,73934,75975,NA,1771,9182,157769,2720,NA,NA,11155,6938,NA,NA,9572,NA,14862,114499,136794,9556,16873,NA,NA,26198,69808,432400,859362,634450,NA,NA,13244,38188,112385,NA,NA,7680
Lowland,PV,2016,PV2016_2,4/1/16,RUNCIE,CIMMYTMA-015086,SA,Low,7,31,5,7,142,212,2,25,0,2,1,57,56,19,380,7,132,1,20311,94998,39853,130062,7561,106081,1277955,991430,74561,20324,21280,56064,683392,1687058,1687059,41213,NA,106505,119933,305138,NA,12657,28343,79631,7050,NA,3385,NA,30532,NA,NA,NA,NA,20963,71209,NA,NA,NA,NA,NA,42083,47407,234635,439273,429785,NA,7441,11641,63071,78325,165024,752514,NA
Highland,MT,2016,MT2016,4/5/16,RUNCIE,CIMMYTMA-007076,Mex,Low,8,64,9,5,45,225,1,87.5,1,2,1,139,137,10.5,47,8,117.5,1.5,NA,15960,7433,67032,8120,28484,1105613,553727,17336,22293,21460,58209,157828,3035764,2284611,19167,NA,29870,37778,159099,NA,12295,12730,294533,9915,NA,NA,848,6208,NA,NA,590,NA,540138,391728,95012,6614,6273,NA,NA,619537,196333,220859,495298,434361,NA,NA,147053,38107,61657,NA,NA,4759
Highland,MT,2016,MT2016,4/5/16,RUNCIE,CIMMYTMA-009025,SA,Low,8,64,9,4,42,210,1,75,2,2,1,154,153,21.5,49,7,132,1,NA,17097,5704,97399,5441,75146,1660593,353264,66275,15386,31368,29079,252929,3610550,1563507,19981,NA,46724,26101,135646,NA,8490,10020,352187,2255,NA,NA,4135,1269,NA,NA,1439,NA,3781,16622,11979,4517,7501,NA,NA,7669,18658,120712,157658,67444,NA,NA,6166,16322,54450,NA,NA,857
Lowland,PV,2016,PV2016_2,4/1/16,RUNCIE,CIMMYTMA-028912,SA,Low,8,31,10,7,161,244,0,0,0,4,1,58,56,35,470,8,154,2,19461,99627,29337,76648,5133,76651,1305348,1034054,52086,11679,13427,39960,415795,2180959,2181539,47842,NA,58291,73857,157359,NA,3839,28157,81251,10153,NA,6108,NA,31204,NA,NA,NA,NA,28290,41970,NA,NA,NA,NA,NA,34209,36362,110089,246995,337998,NA,20947,16821,37607,43587,82388,449934,NA
Lowland,PV,2016,PV2016_2,4/1/16,RUNCIE,CIMMYTMA-007937,Mex,High,7,31,6,3,157,154,0,0,0,0,0,36,34,7,460,7,68,1,26449,167747,104966,106040,5197,20650,996668,660074,40036,11966,10892,26369,229164,1985993,1682044,31242,NA,22556,39656,165316,NA,3438,14084,518601,5107,NA,14071,NA,182672,NA,NA,NA,NA,22113,125118,NA,NA,NA,NA,NA,44750,62793,513418,829337,482329,NA,11624,11715,99534,141903,518100,1256955,NA
Lowland,PV,2016,PV2016_2,4/1/16,RUNCIE,CIMMYTMA-018676,SA,High,6,31,9,6,163,202,0,0,0,2,1,56,54,22,375,6,118,2,31635,59640,24451,116039,9465,49262,814412,893804,73444,8659,9537,47627,195112,1547890,1548301,50798,NA,70472,97558,168085,NA,8972,14734,76619,17929,NA,7150,NA,51529,NA,NA,NA,NA,166381,310553,NA,NA,NA,NA,NA,285767,323030,426048,518642,936993,NA,61895,129694,377659,167017,138611,851678,NA
Lowland,PV,2016,PV2016_2,4/1/16,RUNCIE,CIMMYTMA-023971,Mex,Low,8,31,9,6,160,202,2,25,0,2,1,53,52,20,410,8,156,2,2323,107779,43026,101251,8723,38739,1351212,963125,91359,16356,18074,59607,240679,2209822,2210205,46357,NA,75978,81970,198287,NA,10817,14682,113281,14169,NA,1396,NA,22462,NA,NA,NA,NA,1436,8814,NA,NA,NA,NA,NA,3590,32278,342272,30736,128676,NA,2118,16866,38471,53660,200901,116537,NA
Lowland,PV,2016,PV2016_2,4/1/16,RUNCIE,CIMMYTMA-013920,Mex,High,4,31,4,4,141,183,1,100,0,3,3,58,56,11,400,4,110,3,8913,88072,44286,79791,3548,89682,1124265,1125063,50510,12326,23007,29430,383641,1748050,1748177,1434047,NA,60280,99794,164783,NA,10375,24166,90286,8812,NA,2593,NA,20338,NA,NA,NA,NA,5217,15561,NA,NA,NA,NA,NA,11712,10787,87184,94063,121498,NA,5487,4338,18176,23518,156189,791232,NA
Lowland,PV,2016,PV2016_2,4/1/16,RUNCIE,CIMMYTMA-000449,Mex,Low,2,31,2,6,144.5,235,0,0,0,3,2,51,52,16,490,2,147,3,22123,81664,37267,103141,7097,51451,1336157,891573,97696,20322,19219,44050,364991,2098704,2098756,50106,NA,89455,87671,210771,NA,9992,19661,54511,9295,NA,2262,NA,26436,NA,NA,NA,NA,2667,25147,NA,NA,NA,NA,NA,9782,8104,104132,156356,236449,NA,4260,5105,22990,28830,72948,355814,NA
Lowland,PV,2016,PV2016_2,4/1/16,RUNCIE,CIMMYTMA-007076,Mex,Low,9,31,8,6,145,230,0,0,0,3,1,57,56,14,360,9,118,1,22196,67117,34756,80026,7258,34464,1127168,774605,45936,15213,33229,72547,480985,1539442,1539478,49568,NA,84761,74151,380853,NA,14765,30624,362890,12457,NA,9229,NA,93607,NA,NA,NA,NA,27100,47186,NA,NA,NA,NA,NA,29566,31945,232192,486130,391590,NA,12194,3846,51636,76016,231294,1060372,NA
Lowland,PV,2016,PV2016_2,4/1/16,RUNCIE,CIMMYTMA-005460,Mex,Low,7,31,8,6,148,228,0,0,0,4,1,61,59,15,390,7,167,3,30795,92283,37922,97385,11976,43923,1090473,905229,102434,11803,11580,111275,155104,2087062,2088126,45749,NA,99392,121559,317327,NA,13889,18612,80729,13739,NA,2749,NA,28092,NA,NA,NA,NA,2008,29652,NA,NA,NA,NA,NA,13360,25793,109051,201513,416937,NA,5255,10535,29208,75186,64206,648219,NA
Lowland,PV,2016,PV2016_2,4/1/16,RUNCIE,CIMMYTMA-012541,SA,High,5.5,31,5.5,5,165,209,1,12.5,1.5,2,0.5,55.5,54,17.5,465,5,133,2,27539,71040,25189,94598,15156,83369,1380594,821245,57360,16056,24122,140244,757098,4322299,2570294,53748,12682,127130,134031,704402,16626,16514,52307,270310,7564,NA,3246,NA,18902,8560,NA,NA,2981,23208,34728,13899,1388,1946,NA,6878,34333,45762,217694,327972,283481,3876,17194,19900,50362,105451,165003,850411,1423
Lowland,PV,2016,PV2016_2,4/1/16,RUNCIE,CIMMYTMA-016642,Mex,High,5,31,8,6,170,210,0,0,0,4,1,50,52,17,330,4,118,2,6555,107248,60643,172904,16734,37651,1116913,581158,46011,12826,21287,65764,378156,1557444,1557607,47854,NA,76644,64929,743805,NA,23330,34174,249920,11700,NA,7610,NA,71402,NA,NA,NA,NA,9126,74371,NA,NA,NA,NA,NA,25203,24574,293263,555267,367542,NA,9806,12272,93551,121596,256917,854481,NA
Highland,MT,2016,MT2016,4/5/16,RUNCIE,CIMMYTMA-008367,SA,Low,5,64,6,4,48,220,2,62.5,2,0,0,145,139,22.5,44,4,145,NA,NA,NA,17445,125832,25838,85720,2222844,718100,87359,21240,51805,48951,484145,6142948,3060578,28385,7270,95807,44274,376224,13819,17689,24214,226223,NA,NA,NA,NA,7977,1768,NA,NA,1796,6272,99424,58946,2176,5469,NA,2176,26912,45529,312435,439367,NA,1772,6070,10261,33146,64784,NA,NA,2323
Lowland,PV,2016,PV2016_2,4/1/16,RUNCIE,CIMMYTMA-000547,Mex,Low,5,31,6,6,155,272,1,25,0,2,1,62,57,12,406,5,196,2,NA,NA,NA,108232,NA,131807,1416645,1132557,77053,15337,14587,47772,933655,4183163,4040654,47720,NA,66415,99839,326307,8474,11028,47234,85253,NA,4265,NA,NA,2566,2727,2399,NA,2339,10332,24369,28290,NA,3653,4420,4948,13908,32451,NA,NA,14833,NA,4033,7866,19890,64019,NA,NA,NA
Lowland,PV,2016,PV2016_2,4/1/16,RUNCIE,CIMMYTMA-000554,Mex,High,6,31,9,5,148,188,0,0,0,3,1,51,50,17,490,6,82.5,1,23856,97310,40781,113625,10969,38455,1142801,715381,75365,15351,22722,67709,270442,1911331,1911495,44370,NA,73874,67488,340367,NA,11890,20686,125222,11164,NA,7360,NA,77642,NA,NA,NA,NA,9130,69995,NA,NA,NA,NA,NA,22853,24508,182302,408421,462925,NA,7450,13327,50117,77496,113032,583133,NA
Lowland,PV,2016,PV2016_2,4/1/16,RUNCIE,CIMMYTMA-019483,Mex,High,7,31,8,7,165,152,0,0,0,2,3,43,41,16,270,7,100,2,9695,109347,48593,121327,8169,223587,1197671,514937,119282,15295,21201,69137,1049054,1772603,1772788,37979,NA,100318,69118,335405,NA,11102,58696,113591,10452,NA,2176,NA,21715,NA,NA,NA,NA,3457,20992,NA,NA,NA,NA,NA,12282,13798,218526,146146,193322,NA,5301,5786,41548,66833,295966,660756,NA
Highland,MT,2016,MT2016,4/5/16,RUNCIE,CIMMYTMA-005266,Mex,High,9,64,9,5,66,370,1,100,2,3,1,141,139,18,46,9,235,1,NA,NA,NA,112791,NA,67620,1730920,659782,28203,32474,38804,75266,527560,5078662,3219307,32898,NA,52019,68324,333840,15632,12472,26127,493002,NA,3374,NA,NA,5237,9033,9404,NA,5011,13530,95596,87862,NA,31671,7370,4704,29581,47571,NA,NA,23166,NA,6897,14783,32779,73701,NA,NA,NA
Lowland,PV,2016,PV2016_2,4/1/16,RUNCIE,CIMMYTMA-024902,SA,High,6,31,8.5,5,153.5,150,2,37.5,0,1.5,0.5,NA,NA,13,340,4.5,94,1.5,13467,124735,35832,80628,7132,26843,678627,466037,54196,20562,24831,71614,662790,3986170,3374086,41568,13322,55473,80104,441496,12329,6272,35098,464987,14490,NA,1749,NA,16478,7356,NA,NA,5454,8476,27866,24649,2533,2624,NA,6441,14393,25598,263448,263486,176715,5223,4582,10583,33328,68156,202830,277812,1137
Lowland,PV,2016,PV2016_2,4/1/16,RUNCIE,CIMMYTMA-016818,SA,Low,8,31,8,5.5,176,182,1.5,25,0,0,0,45.5,44.5,19,530,8,115,2,8447,58592,35739,112718,7382,54856,649376,384470,61224,15214,22350,63813,707326,2605890,2109716,46542,NA,81421,102314,458385,NA,10307,40420,185421,3974,NA,1518,537,12760,NA,NA,255,NA,4163,9164,6411,606,1336,NA,NA,6407,15525,130074,84642,87704,NA,2451,7210,20359,40694,180454,302256,413
Lowland,PV,2016,PV2016_2,4/1/16,RUNCIE,CIMMYTMA-007294,Mex,Low,8.5,31,9,5,159.5,198,0,0,0,2,0.5,38,45,11.5,430,8.5,87,2,14921,118574,74387,149118,9838,52813,981274,347736,72788,12832,28953,74530,510546,1641977,1635224,50470,NA,105070,62867,449384,NA,15132,32653,205884,8416,NA,11209,NA,93731,NA,NA,NA,NA,16643,64304,NA,NA,NA,NA,NA,33277,48908,317684,424698,295015,NA,13466,18356,98564,127505,418066,819179,NA
Lowland,PV,2016,PV2016_2,4/1/16,RUNCIE,CIMMYTMA-017379,SA,Low,9,31,9,5,190,232,2,25,3,2,3,59,58,24,335,8,164,1,15831,94706,58419,47554,8283,53613,1337821,340104,64243,1199,14585,33854,201708,2074333,1966254,29601,NA,58885,23604,243807,NA,8831,23932,201923,6184,NA,19415,NA,186241,NA,NA,NA,NA,19352,36647,NA,NA,NA,NA,NA,18413,17843,184857,309117,229395,NA,3541,8224,42730,63666,323655,767386,NA
Highland,MT,2016,MT2016,4/5/16,RUNCIE,CIMMYTMA-017379,SA,Low,6,64,7,5,48,250,2,100,3,2,1,146,141,20,41,6,175,2,NA,31120,9334,128600,19612,131829,1100251,167660,50415,5582,5533,117495,140683,3598705,2130024,16776,NA,50436,38971,85905,NA,4844,6508,103809,5367,NA,NA,5237,6129,NA,NA,2679,NA,19227,97231,70229,4770,5539,NA,NA,34961,62070,306342,429295,291869,NA,NA,21371,37231,83638,NA,NA,2639
Highland,MT,2016,MT2016,4/5/16,RUNCIE,CIMMYTMA-025845,Mex,Low,6,64,8,5,44,205,2,25,2,4,1,154,153,15.5,35.5,6,120,1,NA,19370,6583,112341,15498,36757,1216714,135319,32476,5543,18029,29355,79132,3879031,3282475,18744,NA,38528,41486,82502,NA,6178,5582,320715,14902,NA,NA,2049,4939,NA,NA,2056,NA,4348,23226,22759,1902,1346,NA,NA,5116,4301,134606,311556,311159,NA,NA,2481,7231,29320,NA,NA,1140
Highland,MT,2016,MT2016,4/5/16,RUNCIE,CIMMYTMA-000449,Mex,Low,7,64,7,5,44,205,2,75,2,2,1,148,146,27,35,7,130,2,1186,59312,32507,71340,6730,78831,1283495,375212,31832,11683,31318,23311,209898,3445452,2367211,17757,NA,44624,17543,119163,NA,10317,12180,152703,3175,NA,2854,NA,1355,NA,NA,NA,NA,7015,74903,NA,NA,NA,NA,NA,16869,22841,176428,349825,289375,NA,1596,5335,21496,43656,92094,198231,NA
Highland,MT,2016,MT2016,4/5/16,RUNCIE,CIMMYTMA-026035,SA,Low,8,64,9,5,57,185,2,75,2,0,0,132,132,20,45.5,7,120,1,NA,20106,8761,108066,6617,67758,1146023,187971,61466,14845,32236,89797,224550,4012233,2010399,15151,NA,61430,23237,129946,NA,9361,10405,74149,3071,NA,NA,2285,8089,NA,NA,1423,NA,12104,32379,17578,5586,7416,NA,NA,18667,26644,200724,278830,130318,NA,NA,26607,30130,56349,NA,NA,1998
Lowland,PV,2016,PV2016_2,4/1/16,RUNCIE,CIMMYTMA-005613,Mex,High,6,31,8,5,140,138,1,25,3,4,3,58,52,17,400,6,79,1,17068,118619,98060,107503,7351,57757,939820,482769,118362,17330,24845,44363,926269,1635888,1633148,44391,NA,55608,57796,700869,NA,15657,68164,369445,2177,NA,16032,NA,42522,NA,NA,NA,NA,13402,49501,NA,NA,NA,NA,NA,26311,55826,249169,317096,176128,NA,7494,21129,105088,158180,430038,595522,NA
Lowland,PV,2016,PV2016_2,4/1/16,RUNCIE,CIMMYTMA-008962,SA,Low,5,31,9,6,155,232,0,0,0,3,1,NA,57,18,530,5,153,1,9417,100177,36842,58327,3063,56541,1018679,652198,73128,16871,16535,62485,527500,2093484,2093616,42977,NA,82561,83116,292265,NA,12528,32877,97072,10694,NA,1657,NA,25537,NA,NA,NA,NA,1672,7289,NA,NA,NA,NA,NA,3522,17472,178447,37086,118381,NA,1658,6331,26443,47075,157667,253994,NA
Lowland,PV,2016,PV2016_2,4/1/16,RUNCIE,CIMMYTMA-001535,Mex,High,4,31,4,7,144,150,0,0,0,3,3,NA,NA,6,302,3,70,1,19370,111966,60031,150495,9392,51419,782214,636442,88126,13140,19386,97412,630736,1648197,1648356,66765,NA,94288,130121,668786,NA,20493,45272,161330,5726,NA,3970,NA,27876,NA,NA,NA,NA,10701,28029,NA,NA,NA,NA,NA,16870,16907,141251,270632,232833,NA,9277,4792,45180,67572,200378,986804,NA
Lowland,PV,2016,PV2016_2,4/1/16,RUNCIE,CIMMYTMA-023713,Mex,Low,7,31,9,6,185,200,0,0,0,3,1,48,47,15,485,6,130,2,10087,107486,46705,102239,7309,42614,1030541,485029,159075,15483,26121,59677,475702,1996634,1996703,65989,NA,91603,75027,427763,NA,19115,33945,64967,15023,NA,1765,NA,24820,NA,NA,NA,NA,3275,26227,NA,NA,NA,NA,NA,17055,38116,286596,111147,189973,NA,11199,14559,48838,63744,266700,454869,NA
Highland,MT,2016,MT2016,4/5/16,RUNCIE,CIMMYTMA-001398,Mex,High,7,64,9,4,91,207,2,75,2,3,3,117,115,5,47,7,145,1,NA,21818,9891,83276,5423,35513,883829,326357,8025,9224,17168,25702,161430,3359672,2641572,28900,NA,11829,46105,131648,NA,4295,5336,91357,2494,NA,NA,6065,3255,NA,NA,2454,NA,12011,106078,134176,4235,12254,NA,NA,26526,45879,211318,485328,444712,NA,NA,5780,24975,57939,NA,NA,2383
Lowland,PV,2016,PV2016_2,4/1/16,RUNCIE,CIMMYTMA-025151,Mex,High,9,31,9,6,182,178,0,0,0,3,3,44,41,6,390,8,112,2,15340,108581,63988,173768,9149,61589,729720,590797,135032,24137,35838,52270,1267382,1626662,1626806,74298,NA,95402,95126,646737,NA,18078,73108,329509,6777,NA,3836,NA,26103,NA,NA,NA,NA,8934,76515,NA,NA,NA,NA,NA,20965,28766,232595,381959,282045,NA,8230,5408,61557,86676,167870,647884,NA
Lowland,PV,2016,PV2016_2,4/1/16,RUNCIE,CIMMYTMA-008361,SA,High,7,31,7,3,134,148,2,25,0,0,0,NA,NA,24,320.5,7,99,1,NA,NA,8108,157425,23705,64392,1169498,1013100,60246,22119,35273,57673,835958,7886642,3811256,65528,12366,55141,48134,722187,17953,4974,52934,325094,NA,NA,NA,NA,9254,7403,NA,NA,3407,22689,64368,29837,1959,3357,NA,15404,35686,55541,260746,357227,NA,10423,14577,23684,41678,76207,NA,NA,6493
Lowland,PV,2016,PV2016_2,4/1/16,RUNCIE,CIMMYTMA-006081,Mex,High,8,31,7,6,150,190,1,25,0,3,3,NA,NA,NA,NA,8,125.5,NA,19399,81370,44585,145035,2711,26704,680821,682076,92507,25235,29226,57933,490128,1949598,1867991,60589,NA,88204,126957,347368,NA,13100,25134,189770,8065,NA,1661,NA,26854,NA,NA,NA,NA,3854,49510,NA,NA,NA,NA,NA,15108,22644,165702,235569,452315,NA,8791,8865,27176,42095,84306,463299,NA
Highland,MT,2016,MT2016,4/5/16,RUNCIE,CIMMYTMA-021154,Mex,High,9,64,9,6,76,209,2,50,2,1,2,107,105,10,44,9,105,1,NA,14539,10912,47935,2335,21881,885570,291890,15398,8362,18377,39835,248862,3645499,1791550,15068,NA,25123,17400,85992,NA,6226,9448,183626,2372,NA,NA,5294,1040,NA,NA,4807,NA,7679,74791,48620,6888,9758,NA,NA,16590,53478,341424,492267,198648,NA,NA,8900,30752,89360,NA,NA,5524
Highland,MT,2016,MT2016,4/5/16,RUNCIE,CIMMYTMA-023180,Mex,Low,9,64,10,5,66,260,2,100,2,1,3,146,141,13,49,9,175,1,4290,88462,66043,74970,11044,35737,1048490,193933,27787,5146,20651,26167,106553,NA,2472300,24080,NA,53626,23525,128489,NA,17129,7278,206484,6493,NA,4373,NA,1446,NA,NA,NA,NA,16978,65280,NA,NA,NA,NA,NA,15056,51005,243637,457986,294798,NA,1488,6133,35222,74827,230034,813923,NA
Lowland,PV,2016,PV2016_2,4/1/16,RUNCIE,CIMMYTMA-021154,Mex,High,5,31,9,6,165,182,1,25,0,3,3,49,48,8,410,5,130,3,14712,139649,68994,88443,3879,24820,667482,614257,69303,13156,27271,132367,570937,2086461,2086724,83907,NA,102019,103812,306648,NA,12016,27523,450079,12124,NA,2642,NA,30459,NA,NA,NA,NA,4037,34341,NA,NA,NA,NA,NA,15424,36298,273059,126865,308639,NA,6518,11879,44794,93941,128653,336493,NA
Lowland,PV,2016,PV2016_2,4/1/16,RUNCIE,CIMMYTMA-008993,SA,Low,6,31,9,6,157,250,0,0,0,3,1,59,58,24.5,395,6,172,2,NA,NA,NA,97795,NA,32840,1198908,527405,64152,21784,28298,33942,499191,5170540,3859255,49159,NA,78749,86405,383475,13660,13701,25310,87120,NA,4895,NA,NA,3297,6578,1185,NA,3969,67184,54365,58971,NA,4113,6382,90330,59293,51185,NA,NA,15440,NA,31159,6979,27239,62143,NA,NA,NA
Highland,MT,2016,MT2016,4/5/16,RUNCIE,CIMMYTMA-007344,Mex,Low,7,64,9,5,61,156.5,2.5,62.5,3,2,1,128,127,16.5,28,7,84,1.5,NA,12995,6372,72691,7275,53956,1042993,76264,24655,15093,24269,32765,245362,3886274,2033697,22051,NA,51818,41485,148999,NA,9402,12286,261244,1939,NA,NA,1070,1093,NA,NA,1014,NA,823,12702,8631,952,1769,NA,NA,5709,10602,95509,143800,85334,NA,NA,3894,9836,27052,NA,NA,690
Lowland,PV,2016,PV2016_2,4/1/16,RUNCIE,CIMMYTMA-017793,Mex,Low,7,31,8,5,162,270,1,25,0,3,1,NA,NA,14,340,7,178,NA,17128,84803,47548,119192,2813,32278,631662,377309,104195,14212,22754,52776,638964,1603522,1603555,67865,NA,96064,86542,315463,NA,11583,29215,298419,8535,NA,7373,NA,79323,NA,NA,NA,NA,14425,112483,NA,NA,NA,NA,NA,24298,27120,350483,812842,766953,NA,8419,10243,58261,83615,188290,921194,NA
Lowland,PV,2016,PV2016_2,4/1/16,RUNCIE,CIMMYTMA-014287,SA,Low,10,31,10,6,176,228,3,25,3,1,2,52,50,15,390,10,130,2,23642,104422,65464,56559,4163,31414,742242,315902,61419,18393,40927,80511,644016,1781909,1778750,49853,NA,94454,44862,327580,NA,9873,35551,230444,7012,NA,19009,NA,177308,NA,NA,NA,NA,13877,28510,NA,NA,NA,NA,NA,19054,51969,275233,320761,162761,NA,3187,11323,67891,157562,560523,774915,NA
Lowland,PV,2016,PV2016_2,4/1/16,RUNCIE,CIMMYTMA-007026,Mex,Low,6,31,9,6,182,260,0,0,0,2,1,55,55,19,490,6,190,1,4507,99442,46904,165591,9049,26857,636126,443604,118824,22556,34622,122945,664831,1959321,1959347,65980,NA,123082,133754,561676,NA,15398,33068,310152,12992,NA,1667,NA,23174,NA,NA,NA,NA,1718,11343,NA,NA,NA,NA,NA,5042,30452,250621,35018,131543,NA,2393,13781,35487,59924,110216,125489,NA
Highland,MT,2016,MT2016,4/5/16,RUNCIE,CIMMYTMA-007584,Mex,High,9,64,9,5,66,215,2,25,3,0,0,118,116,11.5,39.5,9,120,2,NA,16494,18300,191263,11853,40451,643626,150140,41576,9135,35292,25560,361257,3452155,1426977,19432,NA,62029,24899,402447,NA,21982,22350,208422,1672,NA,NA,5131,3051,NA,NA,3520,NA,4476,39406,20771,5813,10102,NA,NA,12544,36029,240477,267608,98686,NA,NA,7816,33330,87422,NA,NA,6006
Lowland,PV,2016,PV2016_2,4/1/16,RUNCIE,CIMMYTMA-024894,SA,High,7,31,9,6,150,212,0,0,0,3,1,58,57,20,480,7,120,3,14824,121431,53327,97953,2537,158994,568773,218865,76648,12692,19092,64110,998252,1815947,1815796,34551,NA,111750,73278,242986,NA,8592,37115,80064,9346,NA,8639,NA,97071,NA,NA,NA,NA,9675,27243,NA,NA,NA,NA,NA,13145,37687,292640,444205,317002,NA,2447,4330,48466,103571,403081,1101678,NA
Lowland,PV,2016,PV2016_2,4/1/16,RUNCIE,CIMMYTMA-026029,SA,Low,8,31,9,6,172,232,1,25,0,4,2,56,55,17,450,8,140,2,NA,NA,NA,106318,NA,19306,726078,549931,63288,24817,23404,42740,477070,4811361,4715210,40215,NA,65282,92389,315971,12545,14479,28075,192458,NA,15991,NA,NA,11187,5896,2907,NA,11598,48218,54377,78163,NA,4810,5542,70279,46187,43558,NA,NA,15900,NA,27199,18030,26140,60838,NA,NA,NA
Lowland,PV,2016,PV2016_2,4/1/16,RUNCIE,CIMMYTMA-008360,SA,High,7,31,10,5,167,230,1,25,0,0,0,NA,NA,NA,NA,7,NA,NA,13013,89460,34541,115856,10906,31444,466334,434260,96397,22337,28485,65100,708609,1631608,1631728,69806,NA,126458,202227,667693,NA,20354,55766,380377,10931,NA,1984,NA,22597,NA,NA,NA,NA,3616,25606,NA,NA,NA,NA,NA,23026,42749,167442,172388,432187,NA,11686,13160,50310,105975,105410,502813,NA
Highland,MT,2016,MT2016,4/5/16,RUNCIE,CIMMYTMA-021008,Mex,High,7.5,64,9.5,5.5,80,165,1.5,75,2.5,1.25,1.75,99.5,113,4.5,38.5,7,80,1,2141,77610,56648,43196,2912,14213,392297,123246,20827,10905,22778,32980,369700,3358033,2180751,26112,NA,36828,11760,195046,NA,12894,19472,382850,2806,NA,2638,1256,4703,NA,NA,1197,NA,88150,91888,33558,1737,3623,NA,NA,340227,165834,337488,437968,91446,NA,2294,88734,71430,106232,380633,409729,5081
Lowland,PV,2016,PV2016_2,4/1/16,RUNCIE,CIMMYTMA-027432,Mex,High,7,31,8,6,162,230,0,0,0,3,3,NA,NA,NA,NA,7,174,2,8128,162165,69664,96262,3032,56483,566777,305867,68579,29051,42380,63829,959531,2079283,1951967,59928,NA,105649,86408,321344,NA,12409,41763,128943,14805,NA,1829,NA,24240,NA,NA,NA,NA,1630,24568,NA,NA,NA,NA,NA,14882,46476,358705,88978,221988,NA,8328,19049,55146,82802,242972,289460,NA
Lowland,PV,2016,PV2016_2,4/1/16,RUNCIE,CIMMYTMA-010234,Mex,High,6,31,9,6,140,138,0,0,0,4,3,56,57,5,280,4,80,1,14973,81842,42739,79402,1612,26823,458333,339793,90953,15393,31356,59851,894059,1655173,1655259,59316,NA,107772,115597,373019,NA,11050,41353,215397,7268,NA,4527,NA,25579,NA,NA,NA,NA,27787,58348,NA,NA,NA,NA,NA,33934,34999,228543,462592,422334,NA,15690,9281,66370,92436,261243,1240852,NA
Highland,MT,2016,MT2016,4/5/16,RUNCIE,CIMMYTMA-009022,SA,Low,7,64,7,5,46,235,2,75,3,2,1,157,157,23,40,1,NA,NA,NA,125269,58784,46976,40302,82144,337303,27724,0,116798,101653,108327,304446,2067715,1069667,106787,NA,105504,118852,149656,NA,102423,139645,303419,60838,NA,NA,66228,178920,NA,NA,104220,NA,351935,224355,156330,45949,33884,NA,NA,290327,142468,267224,211264,218965,NA,NA,197145,107557,208183,NA,NA,36965
Lowland,PV,2016,PV2016_2,4/1/16,RUNCIE,CIMMYTMA-009025,SA,Low,8.5,31,7.5,5.5,145.5,205,1,25,0,1.5,0.5,59.5,58.5,18,355,8,127,2,22851,128087,39934,83014,2652,24138,285849,156512,92332,19311,35901,58754,710012,4434066,3208768,39862,4387,92844,67222,447789,5286,7409,36968,357946,12306,NA,877,NA,15400,1884,NA,NA,2432,5072,25344,11340,1204,2244,NA,1884,10968,14641,195741,179230,306725,2731,3980,6258,29288,46452,262787,686246,1533
Lowland,PV,2016,PV2016_2,4/1/16,RUNCIE,CIMMYTMA-010248,SA,Low,9,31,9,5,180,262,2,50,0,0,0,59,61,18,430,9,181,1,NA,NA,8511,107482,12594,44734,607955,605369,52821,25805,42016,65866,867248,6251041,3008847,39041,8983,38992,38483,608000,5203,5182,51603,317735,NA,NA,NA,NA,7331,5047,NA,NA,2096,11053,32931,16618,1799,3094,NA,5347,18357,48285,279449,316139,NA,2370,6155,14768,38723,99336,NA,NA,5302
Lowland,PV,2016,PV2016_2,4/1/16,RUNCIE,CIMMYTMA-000861,Mex,Low,10,31,8,5,140,183,1,25,0,0,0,45,47,16,420,10,83,1,16751,112416,86686,59372,3500,15399,410215,268888,92063,25668,44080,81130,1179838,1597682,1283453,102962,NA,117888,104006,425257,NA,10754,40760,895074,4321,NA,14427,NA,43865,NA,NA,NA,NA,16002,70786,NA,NA,NA,NA,NA,19717,55572,309121,442082,273822,NA,5430,11404,61054,118752,423756,768570,NA
Highland,MT,2016,MT2016,4/5/16,RUNCIE,CIMMYTMA-001535,Mex,High,7,64,7.5,5,67,134,2,100,2.5,3,3,99.5,97.5,6.5,37.25,6.5,50,1,NA,7401,11671,65362,3207,13278,259375,58422,15022,13521,24582,57378,520708,3441206,1707106,26539,NA,16879,20257,162620,NA,2734,18774,335954,2256,NA,NA,8568,2400,NA,NA,6443,NA,10576,84464,61882,9296,13668,NA,NA,23338,77686,448100,635529,324598,NA,NA,14823,51515,148653,NA,NA,7509
Lowland,PV,2016,PV2016_2,4/1/16,RUNCIE,CIMMYTMA-020752,Mex,Low,9,31,10,4,160,190,0,0,0,4,2,42,44,3,410,8,100,2,7190,111810,72769,51663,2625,16957,523316,192127,44212,12932,24348,45617,598089,1923132,1888104,48879,NA,63041,36012,284333,NA,12301,33219,690508,3967,NA,10884,NA,123422,NA,NA,NA,NA,12776,21368,NA,NA,NA,NA,NA,17163,27055,133995,169606,110826,NA,2577,10508,59447,110306,351704,479565,NA
Highland,MT,2016,MT2016,4/5/16,RUNCIE,CIMMYTMA-014017,Mex,High,10,64,10,5,84,167,2,75,3,2,3,102,100,4,42,10,90,1,NA,21340,11839,104454,4249,30176,428638,70428,13174,13841,26069,28910,356607,3759685,1487660,16338,NA,22565,16176,267810,NA,12437,16060,76951,1320,NA,NA,46780,7516,NA,NA,35342,NA,20596,164183,98917,32156,61671,NA,NA,53553,120498,571624,588066,214470,NA,NA,26373,88788,177421,NA,NA,17486
Lowland,PV,2016,PV2016_2,4/1/16,RUNCIE,CIMMYTMA-008025,SA,High,6,31,7,4,153,158,0,0,0,0,0,46,43,12,400,5,80,1,6350,25671,15878,19458,4106,21475,403134,187055,20256,4774,9502,24232,144468,2783744,2794822,11539,NA,24854,17544,117688,NA,6726,7070,234966,6343,NA,73025,NA,219608,NA,NA,NA,NA,123778,94656,NA,NA,NA,NA,NA,148664,189351,199903,169290,122014,NA,26541,75205,189377,128110,165281,238352,NA
Highland,MT,2016,MT2016,4/5/16,RUNCIE,CIMMYTMA-006081,Mex,High,9.5,64,9.5,5.5,79.5,325,2,100,2.5,3,3,146,144,15.5,51,9.5,225,1,NA,9482,9881,70310,5345,16670,511660,119622,23846,17012,23324,29458,337800,4592820,2624882,46856,NA,35494,34829,343134,15267,15050,24471,234909,2453,18707,NA,9549,6738,4433,7103,7113,9210,18114,128918,95100,10338,17483,14458,6074,44360,86362,526523,807346,223362,NA,13140,20188,67295,151527,NA,NA,10038
Highland,MT,2016,MT2016,4/5/16,RUNCIE,CIMMYTMA-005613,Mex,High,8,64,9,6,87,205,1,25,2,4,3,109,106,7,35,8,85,1,NA,11630,11799,103154,6028,11295,292280,120611,14784,10367,22720,21794,335237,3383002,2237602,27440,NA,21759,27613,208567,NA,11237,16359,258681,2461,NA,NA,1261,977,NA,NA,1008,NA,1241,14788,14479,858,5072,NA,NA,5118,11734,85810,185635,139303,NA,NA,1833,8684,25706,NA,NA,1506
Highland,MT,2016,MT2016,4/5/16,RUNCIE,CIMMYTMA-024925,SA,High,9,64,9,5,87.5,170,4,87.5,3,2,1,104,102,14,39.75,9,79.5,2,NA,6034,6210,58884,2550,5676,212091,81869,15801,22310,26074,35630,324110,3502414,2500453,27789,NA,25032,33193,232369,NA,4308,15104,397070,2133,NA,NA,3402,4205,NA,NA,3325,NA,7035,80722,78272,5570,5960,NA,NA,19439,31932,227412,412412,260950,NA,NA,8259,23903,51749,NA,NA,4212
Lowland,PV,2016,PV2016_2,4/1/16,RUNCIE,CIMMYTMA-018242,SA,High,5,31,7,4,152,171,2,50,1,0,0,58,58,18,360,5,84,1,NA,2610,2088,39906,2023,17202,254803,182676,23103,11032,18401,26323,600006,3165476,2775005,32765,NA,21152,39200,273367,NA,1712,36820,235866,1980,NA,NA,933,4522,NA,NA,552,NA,19305,55763,52216,4155,3796,NA,NA,31521,54144,226065,443016,346424,NA,NA,17375,30581,76832,NA,NA,3409
Highland,MT,2016,MT2016,4/5/16,RUNCIE,CIMMYTMA-005606,Mex,High,7,64,7,4.5,105.5,248.75,2.5,62.5,2.5,3,3,114.5,112.5,3.5,50.5,7,135,1.5,1241,144296,168109,58339,1878,10125,267314,56808,32761,17259,34361,37982,455312,5381566,2540654,38400,NA,43940,32038,260751,9393,11674,20688,551112,5093,3992,2539,NA,4924,7216,9332,NA,2965,10688,67204,92409,NA,52946,8677,4780,21629,55613,266290,390898,113502,NA,4490,12446,50824,137580,536093,689000,NA
Lowland,PV,2016,PV2016_2,4/1/16,RUNCIE,CIMMYTMA-012342,SA,High,5,31,7,5,154,NA,0,0,0,3,1,NA,NA,12,480,3,NA,1,3122,33413,19564,35101,2502,14202,188054,175652,18083,2214,5801,58863,234639,3061590,3107445,19749,NA,54451,48938,174340,NA,6762,27797,130043,11864,NA,1387,NA,19281,NA,NA,NA,NA,1007,2888,NA,NA,NA,NA,NA,1175,2566,45239,8295,31365,NA,841,1567,6466,11842,50565,44583,NA
Lowland,PV,2016,PV2016_2,4/1/16,RUNCIE,CIMMYTMA-003266,Mex,Low,7,31,7,4,150,210,0,0,0,4,1,57,58,21,480,7,152,1,NA,NA,7020,67823,8065,17100,193300,184955,52835,39305,38837,65279,1145844,5709611,2718346,33378,9278,28106,27304,484144,10976,2943,54900,316590,NA,NA,NA,NA,18359,14905,NA,NA,10269,363881,256216,34261,7699,5049,NA,161097,536921,637836,546081,391587,NA,39614,115355,141536,356700,328431,NA,NA,9469
Highland,MT,2016,MT2016,4/5/16,RUNCIE,CIMMYTMA-025151,Mex,High,9,64,10,4,96,190,2,100,3,3,3,99,97,4,29,9,90,1,NA,2858,4681,50103,1705,8208,151652,62464,9410,12138,12080,28312,443085,3044251,2476074,27793,NA,13227,29126,139421,NA,2948,14969,344020,2667,NA,NA,11272,1724,NA,NA,9921,NA,8769,51046,63406,7580,19182,NA,NA,12987,35153,240257,493611,374564,NA,NA,7813,21433,68326,NA,NA,3879
Lowland,PV,2016,PV2016_2,4/1/16,RUNCIE,CIMMYTMA-014578,SA,Low,9,31,9,5,157,230,2,25,0,0,0,55,56,21,445,9,136,1,NA,NA,6866,73752,1894,19439,181618,226560,63150,36201,43309,80841,1239531,6487215,3910260,44839,15003,44391,56367,544799,10933,3300,62644,411234,NA,NA,NA,NA,7590,5354,NA,NA,1752,13305,41171,21080,1740,2444,NA,6136,20086,38516,178117,244450,NA,5302,6347,14745,28240,63346,NA,NA,2323
Highland,MT,2016,MT2016,4/5/16,RUNCIE,CIMMYTMA-015009,SA,High,9,64,9,6,75,165,2,100,3,2,1,101,99,12,41,8,65,1,NA,11402,12506,93857,2859,5611,143001,32684,15665,21487,26798,108927,285228,5127890,2847093,32185,NA,26183,33837,201440,NA,2778,13761,333083,4296,NA,NA,2479,9679,NA,NA,1586,NA,13629,48616,35010,2253,5448,NA,NA,21629,25510,188615,332938,193743,NA,NA,31676,31066,48335,NA,NA,1400
Lowland,PV,2016,PV2016_2,4/1/16,RUNCIE,CIMMYTMA-021313,Mex,High,7,31,10,5,171,225,0,0,0,2,3,68,NA,5.5,225,7,168,2,17922,79392,60920,22245,9983,21538,59190,21852,39775,33643,28770,37888,134259,1565673,1365699,19258,NA,35844,26726,151945,NA,25547,24525,99830,25075,NA,122782,NA,864429,NA,NA,NA,NA,72239,73811,NA,NA,NA,NA,NA,63121,44963,84187,78449,41740,NA,28691,35373,74754,63278,91261,114136,NA
Lowland,PV,2016,PV2016_2,4/1/16,RUNCIE,CIMMYTMA-026945,Mex,High,6,31,8.5,4.5,183,173,0.5,50,0,3,2.5,47,45,10.5,425,6,107.5,2,5723,81824,53376,49462,2457,2728,80070,60935,61132,14232,23930,80416,671273,2006510,2006553,83522,NA,101349,109634,366006,NA,12796,39036,686168,8487,NA,9350,NA,43560,NA,NA,NA,NA,8008,27772,NA,NA,NA,NA,NA,12996,31266,260480,215614,199184,NA,4686,11908,167204,63894,206069,383858,NA
Highland,MT,2016,MT2016,4/5/16,RUNCIE,CIMMYTMA-015032,SA,High,7,64,7,3,85,160,2,100,2,2,1,131,131,19,38,7,138.5,2,NA,9611,9149,44141,2337,5549,135428,59865,7645,4569,13550,21390,166385,3124787,2615710,30350,NA,20263,22512,153183,NA,11832,12229,310044,10429,NA,NA,1186,6143,NA,NA,1115,NA,6564,22018,21204,1176,3130,NA,NA,10192,15544,138152,360144,304470,NA,NA,7764,16239,42824,NA,NA,1058
Lowland,PV,2016,PV2016_2,4/1/16,RUNCIE,CIMMYTMA-013374,Mex,High,8,31,9,4,164,180,0,0,0,3,3,41,43,12,410,8,90,2,NA,NA,8982,43992,2313,1982,79649,142782,55792,20335,31848,100970,802819,7469998,4460250,51289,9850,61708,65508,781389,13396,10667,52304,958655,NA,NA,NA,NA,3637,5355,NA,NA,2110,19048,98647,56334,5357,2968,NA,8173,38830,62440,415436,682325,NA,6201,10802,19108,60629,120756,NA,NA,8328
Lowland,PV,2016,PV2016_2,4/1/16,RUNCIE,CIMMYTMA-002276,Mex,High,2,31,8,6,134,165,0,0,0,3,1,55,NA,NA,NA,1,126,1,8684,124466,74330,68366,5084,3984,52803,37065,99181,14156,25747,101017,613252,2004549,1487535,71754,NA,118486,128089,740613,NA,20883,54543,628980,11961,NA,1895,NA,24090,NA,NA,NA,NA,2574,15770,NA,NA,NA,NA,NA,9363,35464,271129,90432,218911,NA,6487,14965,56992,98499,236000,512246,NA